Region,Adjusted Value
Border,109899.64456540607
Mid-East,110584.6759763907
Eastern and Midland,190797.43089292938
Mid-West,142403.81976787056
Midlands,80213.70468646039
South-East,132996.43997753563
South-West,181178.65503126074
West,87917.34306590709
